Date,Name,Year,Letterboxd URI
2014-01-09,Byzantium,2012,https://boxd.it/3v8q
2016-03-19,The Revenant,2015,https://boxd.it/8H5e
2016-03-19,Django Unchained,2012,https://boxd.it/2cCk
2016-03-19,The BFG,2016,https://boxd.it/81cs
2016-03-19,Hardcore Henry,2015,https://boxd.it/aAIM
2016-08-28,Room,2015,https://boxd.it/7T0y
2016-08-28,Spotlight,2015,https://boxd.it/a84k
2016-08-28,Shutter Island,2010,https://boxd.it/1U82
2016-08-28,The Lobster,2015,https://boxd.it/7tnw
2016-08-28,Enemy,2013,https://boxd.it/5xtO
2016-08-28,No Country for Old Men,2007,https://boxd.it/21ew
2016-08-28,Tinker Tailor Soldier Spy,2011,https://boxd.it/FRY
2016-08-29,Kubo and the Two Strings,2016,https://boxd.it/a4wE
2016-09-04,Pete's Dragon,2016,https://boxd.it/9hza
2016-10-31,Battledream Chronicle,2015,https://boxd.it/dycg
2016-11-04,The Big Short,2015,https://boxd.it/ajZw
2016-11-07,Into the Inferno,2016,https://boxd.it/cfue
2016-11-07,The Bad Lieutenant: Port of Call - New Orleans,2009,https://boxd.it/1TcW
2016-11-07,Lo and Behold: Reveries of the Connected World,2016,https://boxd.it/cfuo
2016-11-28,Coherence,2013,https://boxd.it/6xza
2016-11-28,Upstream Color,2013,https://boxd.it/4Cwc
2016-12-02,Grave of the Fireflies,1988,https://boxd.it/1RUM
2016-12-02,Blow Out,1981,https://boxd.it/1TlE
2016-12-24,Dunkirk,2017,https://boxd.it/d0Y6
2016-12-24,T2 Trainspotting,2017,https://boxd.it/5vTA
2016-12-24,Mad Max: The Wasteland,,https://boxd.it/bj4M
2016-12-24,The Cloverfield Paradox,2018,https://boxd.it/doVA
2016-12-24,Avatar 2,2022,https://boxd.it/2E2E
2016-12-27,Nocturnal Animals,2016,https://boxd.it/bkFu
2017-01-01,The Innocents,1961,https://boxd.it/1KeY
2017-01-01,World on a Wire,1973,https://boxd.it/xnQ
2017-01-02,Duck Soup,1933,https://boxd.it/25PG
2017-01-08,Operation Avalanche,2016,https://boxd.it/d5ei
2017-01-13,Filth,2013,https://boxd.it/32NY
2017-01-16,Family Resemblances,1996,https://boxd.it/1NF4
2017-01-16,Coffee and Cigarettes,2003,https://boxd.it/29nc
2017-01-16,The Nasty Girl,1990,https://boxd.it/24uC
2017-01-23,Elle,2016,https://boxd.it/bdhq
2017-01-29,Open Your Eyes,1997,https://boxd.it/27TU
2017-01-29,Cop Car,2015,https://boxd.it/9X0G
2017-01-29,The Gift,2015,https://boxd.it/aJMy
2017-01-29,Victoria,2015,https://boxd.it/amSe
2017-01-29,Before I Disappear,2014,https://boxd.it/7qG6
2017-01-29,The Double,2013,https://boxd.it/4DLW
2017-01-29,Irreversible,2002,https://boxd.it/29as
2017-01-29,The Wolf of Wall Street,2013,https://boxd.it/3C1m
2017-02-03,One Flew Over the Cuckoo's Nest,1975,https://boxd.it/2aeA
2017-02-12,Double Indemnity,1944,https://boxd.it/297I
2017-02-12,The Maltese Falcon,1941,https://boxd.it/29c4
2017-02-13,Thief,1981,https://boxd.it/1TEc
2017-02-13,Network,1976,https://boxd.it/1VqG
2017-02-15,It Happened One Night,1934,https://boxd.it/25Ng
2017-02-26,Loving Vincent,2017,https://boxd.it/biIQ
2017-03-21,Frailty,2001,https://boxd.it/1Sqe
2017-03-21,Demonlover,2002,https://boxd.it/1xz0
2017-03-21,Personal Shopper,2016,https://boxd.it/bkGM
2017-04-14,Manhunt,2017,https://boxd.it/cWbu
2017-04-17,The Stepford Wives,1975,https://boxd.it/1Sfq
2017-05-13,Tapeheads,1988,https://boxd.it/1vNY
2017-05-14,The Girl Who Leapt Through Time,2006,https://boxd.it/1OPa
2017-05-25,Okja,2017,https://boxd.it/dvXe
2017-05-25,Suture,1993,https://boxd.it/36oS
2017-06-15,Black Book,2006,https://boxd.it/1Zea
2017-06-21,Southland Tales,2006,https://boxd.it/23Uu
2017-06-30,Who's Afraid of Virginia Woolf?,1966,https://boxd.it/2atK
2017-07-10,David Lynch: The Art Life,2016,https://boxd.it/eASq
2017-07-17,A Wrinkle in Time,2018,https://boxd.it/el46
2017-07-22,The Host,2006,https://boxd.it/28ZY
2017-08-06,mother!,2017,https://boxd.it/dgRU
2017-08-18,The 39 Steps,1935,https://boxd.it/2aKc
2017-08-18,The Thin Man,1934,https://boxd.it/25gw
2017-08-18,Modern Times,1936,https://boxd.it/25MC
2017-08-18,His Girl Friday,1940,https://boxd.it/25M8
2017-08-18,The Lost Weekend,1945,https://boxd.it/1pgE
2017-08-18,Notorious,1946,https://boxd.it/2aDK
2017-08-18,Rope,1948,https://boxd.it/28yo
2017-08-18,The Third Man,1949,https://boxd.it/294E
2017-08-18,All About Eve,1950,https://boxd.it/29LI
2017-08-18,The Day the Earth Stood Still,1951,https://boxd.it/29w4
2017-08-18,The Conversation,1974,https://boxd.it/2a38
2017-08-18,The Godfather: Part II,1974,https://boxd.it/2aNq
2017-09-19,Marjorie Prime,2017,https://boxd.it/f5ow
2017-11-16,Lady Bird,2017,https://boxd.it/dGNE
2017-12-09,The Disaster Artist,2017,https://boxd.it/cTqc
2017-12-18,Solo: A Star Wars Story,2018,https://boxd.it/bGWs
2017-12-18,The Man Who Killed Don Quixote,2018,https://boxd.it/9rkY
2017-12-24,Pan's Labyrinth,2006,https://boxd.it/28No
2017-12-28,Bad Genius,2017,https://boxd.it/ggpM
2017-12-28,Ingrid Goes West,2017,https://boxd.it/evUQ
2018-01-08,Slumdog Millionaire,2008,https://boxd.it/1S3E
2018-01-14,Enola Holmes,2020,https://boxd.it/hX2o
2018-01-15,Maggie,2015,https://boxd.it/8Vfi
2018-01-18,Phantom Thread,2017,https://boxd.it/e4uc
2018-01-18,Fahrenheit 451,2018,https://boxd.it/e7Dm
2018-02-01,Early Man,2018,https://boxd.it/dwyu
2018-02-26,The Florida Project,2017,https://boxd.it/dMG0
2018-03-02,Timecrimes,2007,https://boxd.it/1OGM
2018-03-06,The Insult,2017,https://boxd.it/gLYy
2018-03-11,Avalon,2001,https://boxd.it/1V9K
2018-03-12,Inland Empire,2006,https://boxd.it/28d6
2018-03-12,The Straight Story,1999,https://boxd.it/2ass
2018-03-19,"Three Billboards Outside Ebbing, Missouri",2017,https://boxd.it/ceBS
2018-03-30,Zero Days,2016,https://boxd.it/dfle
2018-04-05,Brigsby Bear,2017,https://boxd.it/ebkS
2018-04-19,Munich,2005,https://boxd.it/2a0e
2018-04-29,Thelma,2017,https://boxd.it/e7Ce
2018-05-01,The Jackpot!,1991,https://boxd.it/2CkG
2018-05-04,Director's Cut,2016,https://boxd.it/c1Iw
2018-05-27,Under the Silver Lake,2018,https://boxd.it/dSAs
2018-05-27,Hotel Artemis,2018,https://boxd.it/ejwW
2018-05-27,RBG,2018,https://boxd.it/hLS8
2018-05-28,Eighth Grade,2018,https://boxd.it/hDMG
2018-06-11,The Brand New Testament,2015,https://boxd.it/aPMO
2018-06-11,Labyrinth of Lies,2014,https://boxd.it/8VtE
2018-06-11,Red Army,2014,https://boxd.it/7A00
2018-06-12,The Mermaid,2016,https://boxd.it/di0S
2018-07-07,The Endless,2017,https://boxd.it/ffyw
2018-07-08,Christopher Robin,2018,https://boxd.it/eSj4
2018-07-08,Dumbo,2019,https://boxd.it/aNYI
2018-07-08,The Darkest Minds,2018,https://boxd.it/fRBo
2018-07-18,Leave No Trace,2018,https://boxd.it/fMfM
2018-07-18,Blindspotting,2018,https://boxd.it/hDMw
2018-07-29,General Magic,2018,https://boxd.it/iE1o
2018-08-05,Smallfoot,2018,https://boxd.it/fUCE
2018-08-17,Billy Madison,1995,https://boxd.it/1UQI
2018-08-20,Destination Wedding,2018,https://boxd.it/hE1Q
2018-09-07,Scanners,1981,https://boxd.it/1YqE
2018-09-11,BlacKkKlansman,2018,https://boxd.it/hxL8
2018-09-11,"I, Tonya",2017,https://boxd.it/dzR0
2018-09-16,Cold Warrior,,https://boxd.it/bFaW
2018-09-16,Bill & Ted Face the Music,2020,https://boxd.it/i7BI
2018-09-16,The Destroyer,,https://boxd.it/bFaM
2018-09-17,Rogue Trooper,,https://boxd.it/jwg8
2018-09-26,The Last Dragon,1985,https://boxd.it/1P5s
2018-09-26,Mandy,2018,https://boxd.it/gtti
2018-09-29,Maniac,2018,https://boxd.it/jX9y
2018-10-22,Only Lovers Left Alive,2013,https://boxd.it/4O1U
2018-11-05,Spies in Disguise,2019,https://boxd.it/fjf4
2018-11-08,Once Upon a Timeâ€¦ in Hollywood,2019,https://boxd.it/gH0O
2018-11-08,Spawn,,https://boxd.it/gJZE
2018-11-10,The Broken,2008,https://boxd.it/25jq
2018-11-11,Green Book,2018,https://boxd.it/hErk
2018-11-11,Locke,2013,https://boxd.it/6hHC
2018-11-16,High Life,2018,https://boxd.it/d6bk
2018-11-17,Bronson,2008,https://boxd.it/1GM8
2018-12-02,Roma,2018,https://boxd.it/f69M
2018-12-02,Upgrade,2018,https://boxd.it/i4gW
2018-12-02,John Wick: Chapter 2,2017,https://boxd.it/ayGu
2018-12-02,State Like Sleep,2018,https://boxd.it/bjIi
2018-12-03,Mirai,2018,https://boxd.it/h2Hu
2018-12-07,Across 110th Street,1972,https://boxd.it/1yHO
2018-12-10,Vive L'Amour,1994,https://boxd.it/2wsa
2018-12-20,Bumblebee,2018,https://boxd.it/f21O
2018-12-21,Shoplifters,2018,https://boxd.it/ifY6
2018-12-21,Tokyo Godfathers,2003,https://boxd.it/1Qg2
2018-12-23,Mary Poppins Returns,2018,https://boxd.it/e4nU
2018-12-26,Into the Night,1985,https://boxd.it/1U5W
2018-12-27,Colossus: The Forbin Project,1970,https://boxd.it/1Nmw
2019-01-01,Virtuosity,1995,https://boxd.it/1Z6q
2019-01-06,Burning,2018,https://boxd.it/hHUa
2019-01-06,The Death of Stalin,2017,https://boxd.it/ea9Y
2019-01-07,The Farthest,2017,https://boxd.it/futm
2019-01-07,Minding the Gap,2018,https://boxd.it/hDNu
2019-01-09,"Night Is Short, Walk on Girl",2017,https://boxd.it/ffwA
2019-01-11,Shirkers,2018,https://boxd.it/hDOs
2019-01-14,Perfect Blue,1997,https://boxd.it/1W7A
2019-01-17,Black Mirror: Bandersnatch,2018,https://boxd.it/kTDG
2019-01-17,Battlefield Earth,2000,https://boxd.it/231O
2019-01-23,Glass,2019,https://boxd.it/g3uO
2019-02-02,LA 92,2017,https://boxd.it/g4Ca
2019-02-03,I'm Thinking of Ending Things,2020,https://boxd.it/i4IQ
2019-02-03,Non-Fiction,2018,https://boxd.it/gUKg
2019-02-03,Indiana Jones 5,2023,https://boxd.it/b8vM
2019-02-03,No Time to Die,2021,https://boxd.it/cPX2
2019-02-03,Ad Astra,2019,https://boxd.it/ePzI
2019-02-03,The 355,2022,https://boxd.it/iWI6
2019-02-03,Another Earth,2011,https://boxd.it/rRA
2019-02-03,The Thirteenth Floor,1999,https://boxd.it/294Y
2019-02-05,Honey Boy,2019,https://boxd.it/ixvm
2019-02-11,Can You Ever Forgive Me?,2018,https://boxd.it/e7x4
2019-02-14,The Aeronauts,2019,https://boxd.it/iEt8
2019-02-15,Napoleon Dynamite,2004,https://boxd.it/20wu
2019-02-17,They Shall Not Grow Old,2018,https://boxd.it/jP62
2019-02-25,The 'Burbs,1989,https://boxd.it/1SDi
2019-03-08,Half Nelson,2006,https://boxd.it/20Ng
2019-03-18,Under the Skin,2013,https://boxd.it/3mDa
2019-03-21,Tell No One,2006,https://boxd.it/1Vns
2019-03-21,You Were Never Really Here,2017,https://boxd.it/dWOS
2019-04-06,The Dead Don't Die,2019,https://boxd.it/juZg
2019-04-06,The French Dispatch,2021,https://boxd.it/jLP8
2019-04-14,The Greatest Showman,2017,https://boxd.it/acjI
2019-04-15,Unicorn Store,2017,https://boxd.it/f05u
2019-04-28,Gemini Man,2019,https://boxd.it/gaUu
2019-05-15,Casino,1995,https://boxd.it/2ads
2019-05-18,John Wick: Chapter 3 - Parabellum,2019,https://boxd.it/gmFw
2019-05-19,28 Days Later,2002,https://boxd.it/2aXU
2019-05-19,Diabolique,1955,https://boxd.it/29we
2019-05-19,Booksmart,2019,https://boxd.it/igNS
2019-05-20,Spartan,2004,https://boxd.it/1Ut0
2019-05-20,Homicide,1991,https://boxd.it/1zZk
2019-05-21,Alphaville,1965,https://boxd.it/20AG
2019-05-21,Greta,2018,https://boxd.it/gU4E
2019-05-24,Neuromancer,2021,https://boxd.it/eMfK
2019-05-27,The Perfection,2018,https://boxd.it/jgxW
2019-06-04,Good Time,2017,https://boxd.it/fcFu
2019-06-06,50/50,2011,https://boxd.it/10Tw
2019-06-14,Chernobyl,2019,https://boxd.it/mkbG
2019-06-14,Late Night,2019,https://boxd.it/iZq0
2019-06-23,Black Panther: Wakanda Forever,2022,https://boxd.it/igPu
2019-06-24,Guardians of the Galaxy Vol. 3,2023,https://boxd.it/fVNI
2019-06-30,Super 30,2019,https://boxd.it/jrkE
2019-06-30,The Art of Self-Defense,2019,https://boxd.it/hf5y
2019-07-05,Toy Story 4,2019,https://boxd.it/9ALu
2019-07-08,Stuber,2019,https://boxd.it/izHE
2019-07-15,Holy Motors,2012,https://boxd.it/3wai
2019-07-15,The Manchurian Candidate,2004,https://boxd.it/1O2M
2019-07-21,Madness in the Method,2019,https://boxd.it/fkhK
2019-07-21,Hustlers,2019,https://boxd.it/jIBM
2019-08-08,The Addams Family,2019,https://boxd.it/hhYg
2019-08-22,The Matrix Resurrections,2021,https://boxd.it/n87k
2019-08-25,Bombshell,2019,https://boxd.it/j5YC
2019-09-09,Blue Steel,1990,https://boxd.it/1YxU
2019-09-15,Last Night in Soho,2021,https://boxd.it/lbJC
2019-09-16,Radioactive,2019,https://boxd.it/hhpU
2019-09-19,The Current War,2017,https://boxd.it/eNvO
2019-09-22,Dolemite Is My Name,2019,https://boxd.it/je6E
2019-09-25,Uncut Gems,2019,https://boxd.it/gXGc
2019-09-25,The King of Comedy,1982,https://boxd.it/2aJS
2019-09-25,Pain and Glory,2019,https://boxd.it/iOBQ
2019-09-25,A Shaun the Sheep Movie: Farmageddon,2019,https://boxd.it/eXfm
2019-10-03,The Irishman,2019,https://boxd.it/dYOq
2019-10-11,Ready or Not,2019,https://boxd.it/kOf0
2019-10-13,Joker,2019,https://boxd.it/h4cS
2019-10-14,Dolittle,2020,https://boxd.it/fXEy
2019-10-22,Augmented,,https://boxd.it/mD0W
2019-10-23,Little Monsters,2019,https://boxd.it/iarm
2019-10-24,Doctor Sleep,2019,https://boxd.it/i5vI
2019-10-26,Selma,2014,https://boxd.it/8jak
2019-11-02,Come to Daddy,2019,https://boxd.it/lAqK
2019-11-07,Mother,2009,https://boxd.it/1m9g
2019-11-18,Dangerous Days: Making Blade Runner,2007,https://boxd.it/mbY
2019-11-25,Wonderstruck,2017,https://boxd.it/dmG4
2019-12-04,Thor: Love and Thunder,2022,https://boxd.it/mMAY
2019-12-11,Bad Boys for Life,2020,https://boxd.it/15pc
2019-12-13,Ghostbusters: Afterlife,2021,https://boxd.it/f4Pw
2019-12-15,Dredd,2012,https://boxd.it/GZE
2019-12-23,Underwater,2020,https://boxd.it/fN4q
2019-12-23,The Gentlemen,2019,https://boxd.it/iYBQ
2019-12-27,Color Out of Space,2019,https://boxd.it/k1HY
2019-12-28,Roman Holiday,1953,https://boxd.it/29zW
2019-12-28,Top Gun: Maverick,2022,https://boxd.it/cjr4
2019-12-28,Spider-Man: No Way Home,2021,https://boxd.it/nwRw
2019-12-28,Spider-Man: Across the Spider-Verse (Part One),2022,https://boxd.it/kSz4
2019-12-28,Doctor Strange in the Multiverse of Madness,2022,https://boxd.it/gaTc
2019-12-28,Mission: Impossible 7,2023,https://boxd.it/l7zS
2019-12-28,Mission: Impossible 8,2024,https://boxd.it/l7A2
2020-01-09,Persepolis,2007,https://boxd.it/27DC
2020-01-20,What Men Want,2019,https://boxd.it/hxiq
2020-01-24,Horse Girl,2020,https://boxd.it/oioi
2020-01-28,The Batman,2022,https://boxd.it/eDGs
2020-02-10,Blade,,https://boxd.it/mOS6
2020-02-21,The Lovebirds,2020,https://boxd.it/labE
2020-03-08,The Woman in the Window,2021,https://boxd.it/iT56
2020-05-25,Blood Machines,2019,https://boxd.it/jxEU
2020-06-22,The King's Man,2021,https://boxd.it/h714
2020-08-03,A Most Beautiful Thing,2020,https://boxd.it/pkli
2020-08-23,An American Pickle,2020,https://boxd.it/niWi
2020-09-12,Dune: Part Two,2023,https://boxd.it/pUfA
2020-09-13,The Social Dilemma,2020,https://boxd.it/opQI
2020-10-11,Shampoo,1975,https://boxd.it/1jNW
2020-10-13,Come Away,2020,https://boxd.it/ja8c
2020-10-16,Mank,2020,https://boxd.it/mIuC
2020-10-26,Borat Subsequent Moviefilm,2020,https://boxd.it/rNS0
2020-11-09,I Am Love,2009,https://boxd.it/10ac
2020-11-12,The Queen's Gambit,2020,https://boxd.it/s1Ym
2020-11-24,The Adam Project,2022,https://boxd.it/q2Dg
2020-12-01,Happiest Season,2020,https://boxd.it/iS3I
2020-12-01,Black Bear,2020,https://boxd.it/n8ru
2020-12-20,Private Life,2018,https://boxd.it/gn9Q
2020-12-22,Logan's Run,,https://boxd.it/eB0a
2020-12-23,The Forty-Year-Old Version,2020,https://boxd.it/mYXq
2020-12-23,The Beatles: Get Back,2021,https://boxd.it/xo7A
2020-12-25,Promising Young Woman,2020,https://boxd.it/loRE
2020-12-25,Coming 2 America,2021,https://boxd.it/hrdu
2021-01-29,The Electric State,,https://boxd.it/tev0
2021-02-21,Nomadland,2020,https://boxd.it/lnRy
2021-02-21,Palm Springs,2020,https://boxd.it/lCXQ
2021-02-24,The Courier,2020,https://boxd.it/iX7A
2021-02-24,The Unbearable Weight of Massive Talent,2022,https://boxd.it/o6eK
2021-02-24,Infinite,2021,https://boxd.it/lnRe
2021-02-24,Abominable,2019,https://boxd.it/fiPq
2021-02-28,The Adventures of Mark Twain,1985,https://boxd.it/1Ekw
2021-03-27,The Suicide Squad,2021,https://boxd.it/fw6O
2021-03-27,The Guardians of the Galaxy Holiday Special,,https://boxd.it/t77K
2021-03-28,What Happened to Monday,2017,https://boxd.it/ejUu
2021-03-29,Nobody,2021,https://boxd.it/mLqS
2021-04-21,Archive,2020,https://boxd.it/mnyy
2021-04-21,The Map of Tiny Perfect Things,2021,https://boxd.it/p3O8
2021-04-21,Time to Hunt,2020,https://boxd.it/kYFs
2021-04-22,Another Round,2020,https://boxd.it/lkba
2021-04-23,Ant-Man and the Wasp: Quantumania,2023,https://boxd.it/nL2y
2021-05-04,The Inventor,,https://boxd.it/pdPU
2021-05-06,Ollie Hopnoodle's Haven of Bliss,1988,https://boxd.it/2y6g
2021-05-06,Columbus,2017,https://boxd.it/eCuA
2021-05-06,Time After Time,1979,https://boxd.it/1x4w
2021-05-06,The Mitchells vs. The Machines,2021,https://boxd.it/i7xm
2021-05-16,Boss Level,2021,https://boxd.it/iAkw
2021-05-17,Demonic,2021,https://boxd.it/t4VC
2021-06-01,We,2022,https://boxd.it/lcl2
2021-06-01,Dear Evan Hansen,2021,https://boxd.it/kOP8
2021-06-01,Respect,2021,https://boxd.it/lPDE
2021-06-01,Wish Dragon,2021,https://boxd.it/k6w2
2021-06-01,The Tomorrow War,2021,https://boxd.it/lE78
2021-06-08,Kung Fury 2,2022,https://boxd.it/ewvM
2021-06-11,Turning Red,2022,https://boxd.it/ipkq
2021-06-18,Project Hail Mary,,https://boxd.it/pEeQ
2021-06-18,Artemis,,https://boxd.it/hLDC
2021-06-23,"All Light, Everywhere",2021,https://boxd.it/l5q0
2021-07-01,IF,2023,https://boxd.it/nJwG
2021-07-02,The Invitation,2015,https://boxd.it/9OUU
2021-07-04,Enter the Void,2009,https://boxd.it/1dy2
2021-07-05,Baby Driver 2,,https://boxd.it/niLk
2021-07-23,Nope,2022,https://boxd.it/sDCe
2021-08-05,One Point O,2004,https://boxd.it/1Jc8
2021-08-05,Jar City,2006,https://boxd.it/1KG4
2021-08-07,Don't Worry Darling,2022,https://boxd.it/mViu
2021-08-07,Death on the Nile,2022,https://boxd.it/ifpg
2021-08-07,Don't Look Up,2021,https://boxd.it/o0Hc
2021-08-11,Nightmare Alley,2021,https://boxd.it/m0HC
2021-08-11,Jurassic World Dominion,2022,https://boxd.it/ikXW
2021-08-11,Deadpool 3,,https://boxd.it/jq8s
2021-08-11,Fantastic Four,,https://boxd.it/mP6C
2021-08-11,Reminiscence,2021,https://boxd.it/lhMM
2021-08-11,Paddington 3,,https://boxd.it/iJve
2021-08-11,Furiosa,2024,https://boxd.it/tABk
2021-08-13,Finch,2021,https://boxd.it/iXBq
2021-08-17,The Hurt Locker,2008,https://boxd.it/1Soi
2021-08-18,The Green Knight,2021,https://boxd.it/kuy2
2021-08-27,Earwig and the Witch,2020,https://boxd.it/pu34
2021-09-06,Red Notice,2021,https://boxd.it/ixtq
2021-09-12,The Secret of Kells,2009,https://boxd.it/1sMI
2021-09-13,The Villainess,2017,https://boxd.it/fwe4
2021-09-13,The Eyes of Tammy Faye,2021,https://boxd.it/mbB6
2021-09-15,The Producers,1967,https://boxd.it/1lMm
2021-09-15,The Guilty,2021,https://boxd.it/kOPW
2021-09-15,Ambulance,2022,https://boxd.it/sFxg
2021-10-15,The Present,2020,https://boxd.it/pjb2
2021-10-23,Barbie,,https://boxd.it/bCLK
2021-10-28,Lightyear,2022,https://boxd.it/qV1G
2021-10-31,Mind Fall,,https://boxd.it/qyfg
2021-11-02,Tower of Terror,,https://boxd.it/vQlQ
2021-11-02,Tucker and Dale vs. Evil,2010,https://boxd.it/Mce
2021-11-14,Cruella 2,,https://boxd.it/vyDC
2021-11-18,Passing,2021,https://boxd.it/jKdM
2021-11-24,In the Loop,2009,https://boxd.it/1EsA
2021-12-05,Uncharted,2022,https://boxd.it/b5Dy
2021-12-15,The Lost City,2022,https://boxd.it/sg0Q
2021-12-19,Everything Everywhere All at Once,2022,https://boxd.it/jUk4
2021-12-20,Being the Ricardos,2021,https://boxd.it/iJQc
2021-12-26,Hawkeye,2021,https://boxd.it/xQqK
2021-12-30,Moonfall,2022,https://boxd.it/ejwM
2022-01-03,Pig,2021,https://boxd.it/nzoW
2022-01-13,Petrov's Flu,2021,https://boxd.it/mvOY
2022-01-16,Knives Out 2,,https://boxd.it/oCkK
2022-01-16,Knives Out 3,,https://boxd.it/uAKS
2022-01-22,Belle,2021,https://boxd.it/tbEe
2022-01-23,Animal Farm,,https://boxd.it/jG5u
2022-01-28,Flee,2021,https://boxd.it/ponM
2022-01-31,Cowboy Bebop: The Movie,2001,https://boxd.it/1Uc4
2022-02-08,No Sudden Move,2021,https://boxd.it/o7WS
2022-02-09,Titane,2021,https://boxd.it/nlQC
2022-02-09,Men,2022,https://boxd.it/tlc0
2022-02-09,Civil War,,https://boxd.it/z1jW
2022-02-24,Kimi,2022,https://boxd.it/u7LW
2022-03-01,A Silent Voice,2016,https://boxd.it/d99c
2022-03-03,Atomic Blonde 2,,https://boxd.it/iYRk
2022-03-03,Bullet Train,2022,https://boxd.it/qW26
2022-03-10,After Yang,2021,https://boxd.it/lx5a
2022-03-10,Aquaman and The Lost Kingdom,2023,https://boxd.it/l1LS
2022-03-10,Moon Knight,2022,https://boxd.it/zeDq
2022-03-18,How Did We Get Here?,2022,https://boxd.it/zkNG
